iter	Logloss	F1:use_weights=true	F1:use_weights=false
0	0.5546758924	0.7072980931	0.7072980931
1	0.5201808205	0.7022399557	0.7022399557
2	0.5011063831	0.6936376118	0.6936376118
3	0.4930326955	0.6917404665	0.6917404665
4	0.4873037527	0.6930369969	0.6930369969
5	0.4833907588	0.6948626021	0.6948626021
6	0.4791705293	0.6958261207	0.6958261207
7	0.4769695539	0.7009360839	0.7009360839
8	0.4753499492	0.7007758962	0.7007758962
9	0.474298375	0.7002530196	0.7002530196
10	0.4722393903	0.7025179551	0.7025179551
11	0.4698631146	0.7058362756	0.7058362756
12	0.4685126139	0.7083382626	0.7083382626
13	0.4679822503	0.7087662275	0.7087662275
14	0.4667104141	0.7101443026	0.7101443026
15	0.4654882634	0.7106779771	0.7106779771
16	0.4631918219	0.7140854476	0.7140854476
17	0.4623101618	0.7151758272	0.7151758272
18	0.4605752525	0.7172171518	0.7172171518
19	0.4598873665	0.7181210163	0.7181210163
20	0.4589618461	0.7194503625	0.7194503625
21	0.4576466405	0.7207617426	0.7207617426
22	0.4571665718	0.7217822027	0.7217822027
23	0.4567339193	0.7228719521	0.7228719521
24	0.4554022186	0.7236620617	0.7236620617
25	0.4548193791	0.7244184136	0.7244184136
26	0.4537878095	0.7260272509	0.7260272509
27	0.4532658011	0.7265882206	0.7265882206
28	0.4522377105	0.7273996962	0.7273996962
29	0.4515692324	0.7281546074	0.7281546074
30	0.4508545442	0.7285026926	0.7285026926
31	0.4499781273	0.7294591444	0.7294591444
32	0.4491019097	0.7308462259	0.7308462259
33	0.448429206	0.7318022284	0.7318022284
34	0.4478810653	0.7324362324	0.7324362324
35	0.447583299	0.733169209	0.733169209
36	0.4470571223	0.7335854566	0.7335854566
37	0.4463295531	0.7342579446	0.7342579446
38	0.4456445785	0.7353555699	0.7353555699
39	0.4450159002	0.7359108674	0.7359108674
40	0.4447277291	0.7364152036	0.7364152036
41	0.4443588995	0.737002105	0.737002105
42	0.4440120809	0.7374416564	0.7374416564
43	0.4434230541	0.7379394564	0.7379394564
44	0.4430098542	0.7382722609	0.7382722609
45	0.4427568538	0.7385070605	0.7385070605
46	0.4425777672	0.7388646345	0.7388646345
47	0.4423341946	0.7390385747	0.7390385747
48	0.4419247674	0.7394355767	0.7394355767
49	0.4414494299	0.7399481616	0.7399481616
50	0.4411570708	0.7404525298	0.7404525298
51	0.4404451919	0.7407611711	0.7407611711
52	0.440083604	0.7413281782	0.7413281782
53	0.4395268916	0.7416213317	0.7416213317
54	0.4393874021	0.7418522259	0.7418522259
55	0.4390012618	0.7421343285	0.7421343285
56	0.4386682133	0.7425214014	0.7425214014
57	0.4383015893	0.7425453169	0.7425453169
58	0.4380616727	0.7429824027	0.7429824027
59	0.4377866388	0.7433493513	0.7433493513
60	0.437441122	0.7439905152	0.7439905152
61	0.4371185033	0.7443415721	0.7443415721
62	0.4368668008	0.7445456093	0.7445456093
63	0.4364830832	0.7447022391	0.7447022391
64	0.436241879	0.7449472798	0.7449472798
65	0.4359523933	0.7451588795	0.7451588795
66	0.4357136256	0.7454308115	0.7454308115
67	0.435371505	0.7455113066	0.7455113066
68	0.4351263066	0.7457741663	0.7457741663
69	0.4347830222	0.7460531988	0.7460531988
70	0.4344652521	0.7464826384	0.7464826384
71	0.4342391429	0.7466573577	0.7466573577
72	0.4341113461	0.7467768686	0.7467768686
73	0.4339746493	0.7470434587	0.7470434587
74	0.4336480781	0.7471660717	0.7471660717
75	0.433215006	0.7476975212	0.7476975212
76	0.4330814933	0.7478795764	0.7478795764
77	0.4328376348	0.7479349774	0.7479349774
78	0.4325582093	0.7482401358	0.7482401358
79	0.4321964138	0.7486696042	0.7486696042
80	0.4319588374	0.7488068916	0.7488068916
81	0.4317992849	0.748948034	0.748948034
82	0.4315818712	0.7490430585	0.7490430585
83	0.4313822691	0.7493392765	0.7493392765
84	0.431174118	0.7494455902	0.7494455902
85	0.4309585939	0.749663609	0.749663609
86	0.4308042015	0.7498722353	0.7498722353
87	0.4306243634	0.7500909516	0.7500909516
88	0.4303433753	0.7499898933	0.7499898933
89	0.4300165586	0.7502171736	0.7502171736
90	0.42972608	0.7502902962	0.7502902962
91	0.4295858656	0.7504336357	0.7504336357
92	0.4292048126	0.7507511778	0.7507511778
93	0.4290052313	0.750902212	0.750902212
94	0.4287345921	0.7512713155	0.7512713155
95	0.4283496731	0.7515810914	0.7515810914
96	0.428152359	0.751772557	0.751772557
97	0.4279584091	0.7520439708	0.7520439708
98	0.4277649134	0.7521373182	0.7521373182
99	0.427372246	0.7526049573	0.7526049573
100	0.4271967247	0.7528463278	0.7528463278
101	0.4270493571	0.7531335167	0.7531335167
102	0.4266733821	0.7533703333	0.7533703333
103	0.4264236812	0.7535584778	0.7535584778
104	0.4262240836	0.7537503104	0.7537503104
105	0.4261069357	0.7538752034	0.7538752034
106	0.4259777116	0.7540477802	0.7540477802
107	0.4258613456	0.7541612924	0.7541612924
108	0.4256495623	0.754624968	0.754624968
109	0.4254091152	0.7550432555	0.7550432555
110	0.4252561673	0.7551590826	0.7551590826
111	0.4250214789	0.7554178869	0.7554178869
112	0.4249238525	0.7555003112	0.7555003112
113	0.4247257975	0.7556945949	0.7556945949
114	0.4246051121	0.7558182115	0.7558182115
115	0.4243355888	0.7561144612	0.7561144612
116	0.4242457254	0.7561943634	0.7561943634
117	0.4241117324	0.7562699702	0.7562699702
118	0.4239457782	0.7563613017	0.7563613017
119	0.4238367373	0.7565416279	0.7565416279
120	0.4237047125	0.7566691233	0.7566691233
121	0.4235344206	0.7567972075	0.7567972075
122	0.4233373964	0.7572119444	0.7572119444
123	0.4232237754	0.7573150628	0.7573150628
124	0.4229972387	0.7574799237	0.7574799237
125	0.4229064953	0.7575972743	0.7575972743
126	0.4228147906	0.7577106114	0.7577106114
127	0.42267294	0.7577462704	0.7577462704
128	0.422519709	0.7579159503	0.7579159503
129	0.4223248806	0.7580309152	0.7580309152
130	0.4221572352	0.7584041546	0.7584041546
131	0.4220708548	0.758476987	0.758476987
132	0.4219692443	0.7586451205	0.7586451205
133	0.421802979	0.758815167	0.758815167
134	0.4216637178	0.7589843879	0.7589843879
135	0.4215696658	0.75904483	0.75904483
136	0.4213237843	0.7592154848	0.7592154848
137	0.4211546614	0.7593465988	0.7593465988
138	0.4209985806	0.759496373	0.759496373
139	0.4209044679	0.7596221367	0.7596221367
140	0.42078011	0.7597167473	0.7597167473
141	0.4206568499	0.7598600134	0.7598600134
142	0.4204879097	0.7599871292	0.7599871292
143	0.4202615988	0.7600204115	0.7600204115
144	0.4201614418	0.7601405784	0.7601405784
145	0.4200182416	0.7603795938	0.7603795938
146	0.4199272264	0.7604419333	0.7604419333
147	0.4197920207	0.7605858594	0.7605858594
148	0.4196243229	0.7607278921	0.7607278921
149	0.4194761773	0.7609970193	0.7609970193
150	0.4193489672	0.7611104119	0.7611104119
151	0.4191874063	0.7612249756	0.7612249756
152	0.4190378506	0.7613339488	0.7613339488
153	0.4188724472	0.7614378902	0.7614378902
154	0.418696395	0.7617022367	0.7617022367
155	0.4185738053	0.7618982031	0.7618982031
156	0.4184232724	0.7621056104	0.7621056104
157	0.4183365622	0.7621886198	0.7621886198
158	0.4182187491	0.7623401097	0.7623401097
159	0.4180880255	0.7623865968	0.7623865968
160	0.4180067661	0.7624497886	0.7624497886
161	0.4178706056	0.7625833285	0.7625833285
162	0.4177776996	0.7626899826	0.7626899826
163	0.4176222389	0.7628587275	0.7628587275
164	0.4175031146	0.7630390794	0.7630390794
165	0.4173950835	0.7631488831	0.7631488831
166	0.4173138765	0.7632283716	0.7632283716
167	0.4171232423	0.7634093572	0.7634093572
168	0.4170276268	0.7635425005	0.7635425005
169	0.4169312313	0.7636076668	0.7636076668
170	0.4167975267	0.7637270962	0.7637270962
171	0.4166692038	0.7638249041	0.7638249041
172	0.4165852664	0.7639222433	0.7639222433
173	0.4164786835	0.7639010469	0.7639010469
174	0.4163927125	0.7640062673	0.7640062673
175	0.4162663142	0.7640765199	0.7640765199
176	0.4160133242	0.7643633488	0.7643633488
177	0.4159429929	0.7644406452	0.7644406452
178	0.4158442952	0.7645079059	0.7645079059
179	0.4157717931	0.7645319064	0.7645319064
180	0.4156885532	0.7646526329	0.7646526329
181	0.41553869	0.7648015134	0.7648015134
182	0.4154443887	0.7648613706	0.7648613706
183	0.415340981	0.764945523	0.764945523
184	0.4152232759	0.765067692	0.765067692
185	0.4151178722	0.7651530464	0.7651530464
186	0.4150175086	0.7652143762	0.7652143762
187	0.4149395341	0.7653363048	0.7653363048
188	0.4148072076	0.7653800901	0.7653800901
189	0.4147039343	0.7654994445	0.7654994445
190	0.4146026271	0.7656387644	0.7656387644
191	0.4144047338	0.7656771001	0.7656771001
192	0.4143096551	0.7657054398	0.7657054398
193	0.4142093757	0.7658256516	0.7658256516
194	0.4141185212	0.7659333831	0.7659333831
195	0.4140587052	0.766075659	0.766075659
196	0.4139270814	0.7661734541	0.7661734541
197	0.4138559552	0.7661908954	0.7661908954
198	0.4137648562	0.7663293285	0.7663293285
199	0.413667445	0.7663798164	0.7663798164
200	0.4135665981	0.7664466382	0.7664466382
201	0.4134267163	0.7664659949	0.7664659949
202	0.4133444804	0.7665723583	0.7665723583
203	0.4132440125	0.7667246459	0.7667246459
204	0.4131206208	0.7668595264	0.7668595264
205	0.4130542279	0.7668988813	0.7668988813
206	0.4129786213	0.7669967144	0.7669967144
207	0.4128923399	0.767049595	0.767049595
208	0.4127696846	0.7671606534	0.7671606534
209	0.4126797873	0.7672414687	0.7672414687
210	0.4125916352	0.7673504038	0.7673504038
211	0.4125096915	0.7673730379	0.7673730379
212	0.4124311823	0.7674868358	0.7674868358
213	0.4123562066	0.7675664636	0.7675664636
214	0.4122408912	0.7675998813	0.7675998813
215	0.4121706747	0.7677256777	0.7677256777
216	0.4120866321	0.7678277698	0.7678277698
217	0.4119939635	0.7678967714	0.7678967714
218	0.4119245322	0.7679018412	0.7679018412
219	0.4118261548	0.7679537123	0.7679537123
220	0.4117469668	0.7680407479	0.7680407479
221	0.4116673571	0.7681052596	0.7681052596
222	0.4115608096	0.7681191552	0.7681191552
223	0.4114663105	0.7682086359	0.7682086359
224	0.4113965283	0.7682484851	0.7682484851
225	0.4113148626	0.7683102039	0.7683102039
226	0.4112421942	0.7683393405	0.7683393405
227	0.4111456616	0.7684352496	0.7684352496
228	0.4110538088	0.768494807	0.768494807
229	0.4109808002	0.7685592931	0.7685592931
230	0.41091988	0.7686333894	0.7686333894
231	0.4108534065	0.7686692529	0.7686692529
232	0.410798066	0.7687115489	0.7687115489
233	0.4107372229	0.7687293977	0.7687293977
234	0.4106753109	0.7688189481	0.7688189481
235	0.410608578	0.7689150799	0.7689150799
236	0.410547718	0.768929018	0.768929018
237	0.4104788792	0.7690772638	0.7690772638
238	0.4103932708	0.7691861415	0.7691861415
239	0.4102910952	0.7692842146	0.7692842146
240	0.4102270996	0.7693748152	0.7693748152
241	0.4101667496	0.7694726316	0.7694726316
242	0.4100914121	0.7694774278	0.7694774278
243	0.4100442678	0.7695100484	0.7695100484
244	0.4099391731	0.7695885949	0.7695885949
245	0.4098182508	0.7696964626	0.7696964626
246	0.4097442399	0.7698277435	0.7698277435
247	0.4096403957	0.7699176027	0.7699176027
248	0.4095576136	0.7700040071	0.7700040071
249	0.4095035434	0.7700319868	0.7700319868
250	0.4094248378	0.7701167647	0.7701167647
251	0.4093484017	0.7701045128	0.7701045128
252	0.4092789048	0.7701595364	0.7701595364
253	0.4092109031	0.7702323892	0.7702323892
254	0.4091292168	0.7702416555	0.7702416555
255	0.4090397583	0.7703276482	0.7703276482
256	0.4089719003	0.7703424683	0.7703424683
257	0.4088713709	0.7704242768	0.7704242768
258	0.408807691	0.7705142269	0.7705142269
259	0.4087314966	0.7704881982	0.7704881982
260	0.4086811698	0.7704876628	0.7704876628
261	0.4085879739	0.7705747581	0.7705747581
262	0.4085179562	0.7706438827	0.7706438827
263	0.4084048124	0.7708061217	0.7708061217
264	0.4083316034	0.7708381615	0.7708381615
265	0.4082417451	0.7708840014	0.7708840014
266	0.4081801831	0.7708660514	0.7708660514
267	0.4081106351	0.7710179643	0.7710179643
268	0.4080176701	0.7711075124	0.7711075124
269	0.4079235846	0.7711962298	0.7711962298
270	0.4078163409	0.7713628219	0.7713628219
271	0.4077441258	0.77148338	0.77148338
272	0.4076588036	0.7715255586	0.7715255586
273	0.4076027835	0.7715904479	0.7715904479
274	0.4075063435	0.7716109258	0.7716109258
275	0.4074265588	0.771680033	0.771680033
276	0.4073721008	0.7716912891	0.7716912891
277	0.4072920328	0.7717344686	0.7717344686
278	0.4072094794	0.7717708542	0.7717708542
279	0.4071516414	0.7718045089	0.7718045089
280	0.4070856959	0.7718778514	0.7718778514
281	0.4069962855	0.771943391	0.771943391
282	0.406918283	0.7720589815	0.7720589815
283	0.406853555	0.7720844683	0.7720844683
284	0.4067802927	0.7721756424	0.7721756424
285	0.406703338	0.7722986657	0.7722986657
286	0.4066283992	0.7723730689	0.7723730689
287	0.4065571439	0.7724845588	0.7724845588
288	0.4064919219	0.7724970764	0.7724970764
289	0.4064289576	0.7725656121	0.7725656121
290	0.4063612575	0.7726531947	0.7726531947
291	0.406303722	0.7726617583	0.7726617583
292	0.4061608119	0.7728033629	0.7728033629
293	0.4060966434	0.7728514013	0.7728514013
294	0.4060357799	0.7728695387	0.7728695387
295	0.4059449522	0.7729536586	0.7729536586
296	0.4058938956	0.7730351086	0.7730351086
297	0.4058463837	0.7730400649	0.7730400649
298	0.4057850972	0.7731069587	0.7731069587
299	0.405709233	0.7731830889	0.7731830889
300	0.4056369648	0.7732857605	0.7732857605
301	0.4055873412	0.7732893036	0.7732893036
302	0.4055337027	0.7734116304	0.7734116304
303	0.4054894357	0.773454901	0.773454901
304	0.4054157407	0.7735436631	0.7735436631
305	0.4053465196	0.7736006511	0.7736006511
306	0.4052633266	0.7737659161	0.7737659161
307	0.4051852785	0.773801273	0.773801273
308	0.4051150689	0.7738116244	0.7738116244
309	0.4050501545	0.7738291965	0.7738291965
310	0.4050067652	0.7738334457	0.7738334457
311	0.4048978675	0.7739512142	0.7739512142
312	0.4048077771	0.7739872627	0.7739872627
313	0.4047475332	0.7740874535	0.7740874535
314	0.4046651724	0.7741180211	0.7741180211
315	0.4045840782	0.7742234379	0.7742234379
316	0.4045102547	0.7742368701	0.7742368701
317	0.4044641772	0.7742870061	0.7742870061
318	0.4043826559	0.7743613701	0.7743613701
319	0.4043260089	0.7744435642	0.7744435642
320	0.4042379057	0.7745555257	0.7745555257
321	0.4041701706	0.7745724713	0.7745724713
322	0.4040614252	0.7746505167	0.7746505167
323	0.4040083879	0.7746959898	0.7746959898
324	0.4039464566	0.7747923364	0.7747923364
325	0.4038678581	0.7748392662	0.7748392662
326	0.4038027075	0.7749483936	0.7749483936
327	0.4037407336	0.7749804823	0.7749804823
328	0.4036745785	0.775000139	0.775000139
329	0.403610577	0.7750493968	0.7750493968
330	0.4035349578	0.7751538215	0.7751538215
331	0.4034822594	0.7751822511	0.7751822511
332	0.403424059	0.7752403579	0.7752403579
333	0.4033788271	0.7752685149	0.7752685149
334	0.4033197001	0.7752919261	0.7752919261
335	0.4032403771	0.7753244361	0.7753244361
336	0.4031525574	0.7754246776	0.7754246776
337	0.4030622205	0.7755166851	0.7755166851
338	0.4030127142	0.7755834658	0.7755834658
339	0.4029537331	0.7756784926	0.7756784926
340	0.4028930367	0.7757349818	0.7757349818
341	0.40284855	0.7757718086	0.7757718086
342	0.4027726477	0.7758857749	0.7758857749
343	0.402717152	0.7759088365	0.7759088365
344	0.4026451712	0.7759348385	0.7759348385
345	0.4025744753	0.7760683191	0.7760683191
346	0.4025259483	0.7761567432	0.7761567432
347	0.4024645043	0.7762261851	0.7762261851
348	0.4024062308	0.7762697256	0.7762697256
349	0.4023415571	0.7763056502	0.7763056502
350	0.4022963607	0.7763773417	0.7763773417
351	0.4022318784	0.7763525846	0.7763525846
352	0.402147648	0.7764455902	0.7764455902
353	0.4020803532	0.7764853186	0.7764853186
354	0.4020378502	0.7764534678	0.7764534678
355	0.4019630319	0.7765784922	0.7765784922
356	0.4018944626	0.7765920903	0.7765920903
357	0.4018261898	0.7766290145	0.7766290145
358	0.40176718	0.7767109062	0.7767109062
359	0.4016553339	0.7768073135	0.7768073135
360	0.4015965449	0.7769144936	0.7769144936
361	0.4015043981	0.7769990802	0.7769990802
362	0.4014382695	0.7769970361	0.7769970361
363	0.401383591	0.7770611354	0.7770611354
364	0.4012745073	0.7771035859	0.7771035859
365	0.4012080408	0.7771523998	0.7771523998
366	0.4011430438	0.7772396922	0.7772396922
367	0.4010912851	0.7772727561	0.7772727561
368	0.4010268035	0.7773045709	0.7773045709
369	0.4009697469	0.7773789219	0.7773789219
370	0.4008913241	0.7774847523	0.7774847523
371	0.4008318415	0.7775261548	0.7775261548
372	0.4007817032	0.7775734813	0.7775734813
373	0.4007420735	0.7776365584	0.7776365584
374	0.4006522016	0.7777186722	0.7777186722
375	0.4006038297	0.7777555809	0.7777555809
376	0.4005582777	0.7777924881	0.7777924881
377	0.4005120714	0.7778338841	0.7778338841
378	0.4004528042	0.7778486777	0.7778486777
379	0.4003839866	0.7779353445	0.7779353445
380	0.4003358351	0.7779556122	0.7779556122
381	0.4002732691	0.7780465995	0.7780465995
382	0.4002262228	0.7780755065	0.7780755065
383	0.4001568591	0.7781520613	0.7781520613
384	0.40009256	0.7782198956	0.7782198956
385	0.4000238992	0.7782677802	0.7782677802
386	0.3999742757	0.7783321047	0.7783321047
387	0.3998900642	0.7784202706	0.7784202706
388	0.399831422	0.7784756661	0.7784756661
389	0.3997652167	0.778501195	0.778501195
390	0.3997162353	0.7785583433	0.7785583433
391	0.3996679028	0.7786189017	0.7786189017
392	0.3996183799	0.7786332608	0.7786332608
393	0.399557673	0.7786693795	0.7786693795
394	0.3994880877	0.7787079473	0.7787079473
395	0.3994071647	0.7787727554	0.7787727554
396	0.3993481678	0.7788863795	0.7788863795
397	0.3992851012	0.7789679972	0.7789679972
398	0.39922304	0.7790127368	0.7790127368
399	0.3991731011	0.7790154669	0.7790154669
400	0.3991177888	0.7789969782	0.7789969782
401	0.3990530668	0.7790891009	0.7790891009
402	0.3989936578	0.7791349423	0.7791349423
403	0.3989157606	0.7791663828	0.7791663828
404	0.3988597551	0.7791894255	0.7791894255
405	0.3987893225	0.7792240501	0.7792240501
406	0.3987298047	0.7793009013	0.7793009013
407	0.3986776041	0.7793753593	0.7793753593
408	0.398644652	0.7793995141	0.7793995141
409	0.3986004597	0.7793862858	0.7793862858
410	0.3985120367	0.7794650493	0.7794650493
411	0.3984692974	0.7795654997	0.7795654997
412	0.3984128927	0.7795488912	0.7795488912
413	0.3983623158	0.7795957012	0.7795957012
414	0.3983106751	0.7796315252	0.7796315252
415	0.3982593288	0.7796850597	0.7796850597
416	0.3982132546	0.7796910967	0.7796910967
417	0.3981693906	0.7797157546	0.7797157546
418	0.3981223924	0.7797728494	0.7797728494
419	0.3980763593	0.779780839	0.779780839
420	0.3980256482	0.7798116774	0.7798116774
421	0.3979750918	0.7798492341	0.7798492341
422	0.3979351503	0.779855327	0.779855327
423	0.3978732994	0.7799157153	0.7799157153
424	0.3978046692	0.7799757995	0.7799757995
425	0.3977259954	0.7801276446	0.7801276446
426	0.3976725951	0.7801831958	0.7801831958
427	0.3976102155	0.7801871892	0.7801871892
428	0.3975578681	0.7802437797	0.7802437797
429	0.3974811435	0.7803148092	0.7803148092
430	0.397422856	0.7803924703	0.7803924703
431	0.3973593958	0.7804690108	0.7804690108
432	0.3972897216	0.7805730867	0.7805730867
433	0.3972226917	0.7805938815	0.7805938815
434	0.3971683471	0.7806369495	0.7806369495
435	0.3971167689	0.7806547819	0.7806547819
436	0.3970654198	0.7807315883	0.7807315883
437	0.3970246756	0.7807470303	0.7807470303
438	0.3969447022	0.7807878734	0.7807878734
439	0.3968821536	0.780803498	0.780803498
440	0.3968199343	0.7808795441	0.7808795441
441	0.3967727905	0.7809645381	0.7809645381
442	0.3967197962	0.780985539	0.780985539
443	0.3966775257	0.7810355218	0.7810355218
444	0.3966248259	0.7811354392	0.7811354392
445	0.3965708069	0.7811584529	0.7811584529
446	0.3965105306	0.7811962189	0.7811962189
447	0.3964519798	0.7812432523	0.7812432523
448	0.396395494	0.7812666851	0.7812666851
449	0.3963519287	0.7813351725	0.7813351725
450	0.3963027688	0.7813477076	0.7813477076
451	0.3962488573	0.7814172683	0.7814172683
452	0.3962027256	0.7814118526	0.7814118526
453	0.3961580896	0.7814545964	0.7814545964
454	0.3961181283	0.7815022025	0.7815022025
455	0.3960710818	0.7815750113	0.7815750113
456	0.3960191689	0.7815897953	0.7815897953
457	0.3959663445	0.7816481602	0.7816481602
458	0.3959083118	0.7816438174	0.7816438174
459	0.3958606864	0.7816245976	0.7816245976
460	0.3958152284	0.7817094749	0.7817094749
461	0.3957609815	0.7817937044	0.7817937044
462	0.3957218807	0.7817858245	0.7817858245
463	0.3956813099	0.7818155357	0.7818155357
464	0.3956295518	0.7819072869	0.7819072869
465	0.3955771072	0.7819469785	0.7819469785
466	0.395522502	0.7820179327	0.7820179327
467	0.395480307	0.782041994	0.782041994
468	0.3954399621	0.7820665111	0.7820665111
469	0.3953864701	0.7820972437	0.7820972437
470	0.3953293875	0.7821940039	0.7821940039
471	0.3952803599	0.7821946075	0.7821946075
472	0.3952299686	0.7822261871	0.7822261871
473	0.3952092813	0.7822328518	0.7822328518
474	0.3951468883	0.782226398	0.782226398
475	0.3951009102	0.7822738042	0.7822738042
476	0.3950430025	0.7823468524	0.7823468524
477	0.3949943473	0.7823727752	0.7823727752
478	0.3949391928	0.7824046912	0.7824046912
479	0.3948843303	0.7824533743	0.7824533743
480	0.3948278617	0.7825321724	0.7825321724
481	0.3947570266	0.7826247125	0.7826247125
482	0.3947252079	0.7826289057	0.7826289057
483	0.3946756128	0.7826743443	0.7826743443
484	0.3946278039	0.7826826617	0.7826826617
485	0.3945720958	0.7827678911	0.7827678911
486	0.3945118144	0.7828135955	0.7828135955
487	0.394459251	0.7828309815	0.7828309815
488	0.3944149067	0.7829242536	0.7829242536
489	0.3943823389	0.7829154658	0.7829154658
490	0.3943333039	0.7829656258	0.7829656258
491	0.3942899761	0.7830359726	0.7830359726
492	0.3942387043	0.7830313051	0.7830313051
493	0.394200625	0.7830822988	0.7830822988
494	0.394143652	0.7831727437	0.7831727437
495	0.394105802	0.783198014	0.783198014
496	0.3940630193	0.7832172364	0.7832172364
497	0.3940147482	0.783307058	0.783307058
498	0.393948961	0.78335854	0.78335854
499	0.3939116559	0.7833441718	0.7833441718
500	0.3938497643	0.7833530871	0.7833530871
501	0.3937789452	0.7834119736	0.7834119736
502	0.3937248721	0.7834696534	0.7834696534
503	0.3936816534	0.7834705493	0.7834705493
504	0.3936329831	0.7834801304	0.7834801304
505	0.3935756824	0.7835659214	0.7835659214
506	0.39352675	0.7836406377	0.7836406377
507	0.3934875152	0.7836640074	0.7836640074
508	0.3934308022	0.7837193592	0.7837193592
509	0.3933950144	0.7837836343	0.7837836343
510	0.3933441242	0.7838542901	0.7838542901
511	0.3932738741	0.7839015187	0.7839015187
512	0.3932326568	0.7839398055	0.7839398055
513	0.3931819097	0.7839602237	0.7839602237
514	0.3931359442	0.7840309907	0.7840309907
515	0.393080458	0.7841455766	0.7841455766
516	0.3930387746	0.7841721447	0.7841721447
517	0.3929983652	0.784210439	0.784210439
518	0.3929539068	0.7842561659	0.7842561659
519	0.3928835393	0.7843056723	0.7843056723
520	0.3928182725	0.7842989509	0.7842989509
521	0.3927738771	0.7843470198	0.7843470198
522	0.3927360531	0.7843932873	0.7843932873
523	0.3926639638	0.7844228863	0.7844228863
524	0.3926091107	0.7845013642	0.7845013642
525	0.3925658967	0.7845082402	0.7845082402
526	0.3925001874	0.7845687601	0.7845687601
527	0.3924546565	0.7845767424	0.7845767424
528	0.3924133855	0.7846002613	0.7846002613
529	0.392355565	0.7847113343	0.7847113343
530	0.3923051342	0.7847200237	0.7847200237
531	0.3922692049	0.7847559016	0.7847559016
532	0.3922164385	0.7848047907	0.7848047907
533	0.3921614288	0.7848456428	0.7848456428
534	0.3921089285	0.7849195836	0.7849195836
535	0.3920743078	0.784995047	0.784995047
536	0.3920012263	0.7850958856	0.7850958856
537	0.3919460629	0.7850932579	0.7850932579
538	0.3918996891	0.7851780994	0.7851780994
539	0.3918533379	0.7851910666	0.7851910666
540	0.3918175828	0.7852245651	0.7852245651
541	0.3917568178	0.785226975	0.785226975
542	0.3917017329	0.7852616242	0.7852616242
543	0.3916441795	0.7853667353	0.7853667353
544	0.3915952043	0.7854567208	0.7854567208
545	0.3915405773	0.7855002967	0.7855002967
546	0.3914955318	0.7855709905	0.7855709905
547	0.3914581696	0.7856429764	0.7856429764
548	0.3914133925	0.7856988961	0.7856988961
549	0.3913533095	0.7857689142	0.7857689142
550	0.3913024299	0.7858256829	0.7858256829
551	0.3912567895	0.7858315444	0.7858315444
552	0.3912076109	0.7858999755	0.7858999755
553	0.3911689308	0.7859420331	0.7859420331
554	0.3911300663	0.7859365714	0.7859365714
555	0.3910910321	0.7859741002	0.7859741002
556	0.3910390494	0.7860117476	0.7860117476
557	0.3910036458	0.7860789412	0.7860789412
558	0.3909602562	0.7861446472	0.7861446472
559	0.3909338073	0.786170128	0.786170128
560	0.3908944443	0.7862263031	0.7862263031
561	0.3908488546	0.7862570963	0.7862570963
562	0.3908046846	0.786306846	0.786306846
563	0.3907536099	0.7863281719	0.7863281719
564	0.3907195349	0.7863547703	0.7863547703
565	0.3906806068	0.7863980918	0.7863980918
566	0.390630501	0.7864479319	0.7864479319
567	0.390582778	0.7864336914	0.7864336914
568	0.3905222991	0.7865141057	0.7865141057
569	0.3904751235	0.7865314276	0.7865314276
570	0.3904209854	0.7866039731	0.7866039731
571	0.3903864805	0.7866367307	0.7866367307
572	0.3903493647	0.7866773954	0.7866773954
573	0.3903058615	0.7866943401	0.7866943401
574	0.3902730543	0.786731301	0.786731301
575	0.3902234764	0.7867392942	0.7867392942
576	0.3901937008	0.7867838588	0.7867838588
577	0.390156598	0.7868228642	0.7868228642
578	0.3900976408	0.7868094421	0.7868094421
579	0.3900510108	0.7868296203	0.7868296203
580	0.3900078223	0.786795404	0.786795404
581	0.3899435054	0.7868349462	0.7868349462
582	0.3899028867	0.7868563843	0.7868563843
583	0.3898568976	0.7869999369	0.7869999369
584	0.3898173896	0.7870029381	0.7870029381
585	0.3897822256	0.787050833	0.787050833
586	0.3897393358	0.7870726842	0.7870726842
587	0.3896780627	0.787095614	0.787095614
588	0.3896157806	0.7871969794	0.7871969794
589	0.3895585885	0.7872630169	0.7872630169
590	0.389506363	0.7873254141	0.7873254141
591	0.3894612956	0.7873477792	0.7873477792
592	0.3894260897	0.7873894801	0.7873894801
593	0.3893890552	0.7874650012	0.7874650012
594	0.3893500593	0.7874850186	0.7874850186
595	0.3893086695	0.7874787704	0.7874787704
596	0.3892755873	0.7875234074	0.7875234074
597	0.3892340111	0.7875856262	0.7875856262
598	0.3891675711	0.7876291033	0.7876291033
599	0.3891147463	0.7876445928	0.7876445928
600	0.3890818572	0.7876618585	0.7876618585
601	0.3890358169	0.787703961	0.787703961
602	0.3890023382	0.7877120825	0.7877120825
603	0.3889083823	0.7878447299	0.7878447299
604	0.3888475867	0.7879142269	0.7879142269
605	0.3888000718	0.7879396351	0.7879396351
606	0.3887597086	0.7879756935	0.7879756935
607	0.3886985133	0.7880157025	0.7880157025
608	0.3886524148	0.78801685	0.78801685
609	0.3886065651	0.788041397	0.788041397
610	0.3885655016	0.7880924427	0.7880924427
611	0.388511053	0.788127053	0.788127053
612	0.3884720261	0.7881563262	0.7881563262
613	0.3884243625	0.7882132624	0.7882132624
614	0.3883675612	0.7882808721	0.7882808721
615	0.3883258406	0.7883352658	0.7883352658
616	0.3882709891	0.788328976	0.788328976
617	0.3882340525	0.7883367612	0.7883367612
618	0.3881770498	0.7884108522	0.7884108522
619	0.3881172643	0.7884263329	0.7884263329
620	0.3880705649	0.78845813	0.78845813
621	0.3880292239	0.7885032265	0.7885032265
622	0.3879762739	0.7885342151	0.7885342151
623	0.3879484152	0.7885454679	0.7885454679
624	0.3879072217	0.7885600059	0.7885600059
625	0.3878502707	0.7885791154	0.7885791154
626	0.3878013841	0.7886653068	0.7886653068
627	0.3877564266	0.7886778187	0.7886778187
628	0.3877064408	0.7887216127	0.7887216127
629	0.3876640314	0.7888138103	0.7888138103
630	0.3875971536	0.788876841	0.788876841
631	0.3875667462	0.7889291013	0.7889291013
632	0.3875299267	0.7889619721	0.7889619721
633	0.3874857075	0.7889964748	0.7889964748
634	0.3874368258	0.7890634227	0.7890634227
635	0.3873903596	0.7890911467	0.7890911467
636	0.3873408686	0.7891864826	0.7891864826
637	0.3873001181	0.7892161108	0.7892161108
638	0.3872361761	0.7892281711	0.7892281711
639	0.3871910239	0.7892914556	0.7892914556
640	0.3871513612	0.7892933197	0.7892933197
641	0.387102652	0.7893137559	0.7893137559
642	0.3870555285	0.7892915399	0.7892915399
643	0.3870126285	0.7893278417	0.7893278417
644	0.3869752574	0.789376234	0.789376234
645	0.386938665	0.7894192807	0.7894192807
646	0.3868972859	0.7894971339	0.7894971339
647	0.3868527444	0.7895398063	0.7895398063
648	0.3867942639	0.7895985926	0.7895985926
649	0.3867406739	0.7896521489	0.7896521489
650	0.3867041313	0.7897011923	0.7897011923
651	0.3866730216	0.7897255147	0.7897255147
652	0.386618201	0.7897931862	0.7897931862
653	0.3865881118	0.7898215097	0.7898215097
654	0.3865475327	0.7898836145	0.7898836145
655	0.3865029275	0.7899810021	0.7899810021
656	0.3864574506	0.7899964744	0.7899964744
657	0.3864231517	0.7900313861	0.7900313861
658	0.3863862645	0.7900738879	0.7900738879
659	0.3863488517	0.7900582052	0.7900582052
660	0.3863101878	0.7900708963	0.7900708963
661	0.3862782413	0.7901372718	0.7901372718
662	0.3862288121	0.7901944707	0.7901944707
663	0.3861969958	0.7902066536	0.7902066536
664	0.3861524026	0.7902589953	0.7902589953
665	0.3861204725	0.7903176819	0.7903176819
666	0.3860601713	0.7903586359	0.7903586359
667	0.3860004348	0.7903997231	0.7903997231
668	0.3859415559	0.790461325	0.790461325
669	0.3859067563	0.7904715223	0.7904715223
670	0.3858571738	0.7905137656	0.7905137656
671	0.3858241083	0.7905907898	0.7905907898
672	0.385784141	0.7906387297	0.7906387297
673	0.3857509404	0.790671075	0.790671075
674	0.3857138352	0.7906946743	0.7906946743
675	0.3856672738	0.790723101	0.790723101
676	0.3856307336	0.7907704384	0.7907704384
677	0.3856072715	0.7907372581	0.7907372581
678	0.3855514595	0.7907802423	0.7907802423
679	0.3855043515	0.7908550196	0.7908550196
680	0.3854859323	0.7908490203	0.7908490203
681	0.3854378211	0.7909081041	0.7909081041
682	0.3853951979	0.7909414681	0.7909414681
683	0.3853563502	0.7909451213	0.7909451213
684	0.3853094654	0.7909857728	0.7909857728
685	0.3852522941	0.7910391175	0.7910391175
686	0.3852122066	0.7910538628	0.7910538628
687	0.3851586932	0.7911654863	0.7911654863
688	0.3851045635	0.7912359823	0.7912359823
689	0.3850611026	0.791283002	0.791283002
690	0.3850279812	0.7913507698	0.7913507698
691	0.3849875739	0.7913672573	0.7913672573
692	0.3849621424	0.7913881792	0.7913881792
693	0.3849279637	0.7913519703	0.7913519703
694	0.3848876795	0.79145142	0.79145142
695	0.3848504909	0.7914899841	0.7914899841
696	0.3848179283	0.7915108533	0.7915108533
697	0.3847757946	0.7915390272	0.7915390272
698	0.3847228052	0.7916364852	0.7916364852
699	0.384689891	0.7916969451	0.7916969451
700	0.3846498908	0.7917292187	0.7917292187
701	0.3846075294	0.7917599191	0.7917599191
702	0.3845825729	0.7917889762	0.7917889762
703	0.3845318732	0.7918239612	0.7918239612
704	0.3844842601	0.7918213099	0.7918213099
705	0.3844356627	0.7918820442	0.7918820442
706	0.3844016554	0.7919062783	0.7919062783
707	0.3843741004	0.7919071963	0.7919071963
708	0.3843346376	0.7919183533	0.7919183533
709	0.3842845493	0.7919586027	0.7919586027
710	0.3842373429	0.7919970566	0.7919970566
711	0.384183508	0.7920838781	0.7920838781
712	0.3841279251	0.7921048143	0.7921048143
713	0.3840811198	0.7921236632	0.7921236632
714	0.3840389657	0.7921727989	0.7921727989
715	0.3839935267	0.7922565433	0.7922565433
716	0.3839562137	0.7922883998	0.7922883998
717	0.3839172127	0.7922995244	0.7922995244
718	0.3838690527	0.7923464456	0.7923464456
719	0.383834127	0.7924172419	0.7924172419
720	0.3838034853	0.7924382983	0.7924382983
721	0.3837550294	0.7925165604	0.7925165604
722	0.3837211557	0.7925535426	0.7925535426
723	0.3836753586	0.7925251038	0.7925251038
724	0.383642232	0.7925770558	0.7925770558
725	0.3836076271	0.7925796691	0.7925796691
726	0.3835645022	0.7926199343	0.7926199343
727	0.3835339909	0.7926362087	0.7926362087
728	0.3834859648	0.7926865973	0.7926865973
729	0.3834478962	0.7927290045	0.7927290045
730	0.3834021504	0.7927449617	0.7927449617
731	0.38335281	0.7927728283	0.7927728283
732	0.3833079123	0.7927827825	0.7927827825
733	0.3832500794	0.7928826518	0.7928826518
734	0.383211415	0.7929314952	0.7929314952
735	0.3831740378	0.7929641403	0.7929641403
736	0.3831420301	0.7929570936	0.7929570936
737	0.3831046017	0.7930040515	0.7930040515
738	0.3830592484	0.7929757076	0.7929757076
739	0.3830000045	0.7930072996	0.7930072996
740	0.3829682002	0.7930441177	0.7930441177
741	0.3829476852	0.7930323892	0.7930323892
742	0.3829061504	0.7930715362	0.7930715362
743	0.3828574892	0.7931169929	0.7931169929
744	0.3828011835	0.7931807112	0.7931807112
745	0.3827560603	0.7932213456	0.7932213456
746	0.3827265221	0.7932600758	0.7932600758
747	0.3826946297	0.7932650611	0.7932650611
748	0.3826561377	0.7933329091	0.7933329091
749	0.3826079441	0.7934295497	0.7934295497
750	0.3825598848	0.7934787049	0.7934787049
751	0.382518562	0.7935278579	0.7935278579
752	0.3824867852	0.7935567636	0.7935567636
753	0.3824398742	0.7935637969	0.7935637969
754	0.3824107545	0.7936225678	0.7936225678
755	0.3823627104	0.7937062443	0.7937062443
756	0.3823368309	0.7937062443	0.7937062443
757	0.3822989435	0.7937443696	0.7937443696
758	0.3822535379	0.7938021173	0.7938021173
759	0.3822218213	0.7938669657	0.7938669657
760	0.3821949356	0.7938733342	0.7938733342
761	0.3821567399	0.7939082611	0.7939082611
762	0.3821188302	0.7939577333	0.7939577333
763	0.3820909055	0.7939893367	0.7939893367
764	0.3820392435	0.7939850899	0.7939850899
765	0.3820080139	0.7940319558	0.7940319558
766	0.3819800372	0.794097253	0.794097253
767	0.3819324833	0.7941315962	0.7941315962
768	0.3818846142	0.7941794472	0.7941794472
769	0.3818320471	0.7942188435	0.7942188435
770	0.3817820776	0.7942945218	0.7942945218
771	0.381748806	0.7943077755	0.7943077755
772	0.3817217155	0.7943345383	0.7943345383
773	0.3816788863	0.7943334359	0.7943334359
774	0.3816267933	0.7943624593	0.7943624593
775	0.3815690238	0.7944507255	0.7944507255
776	0.3815156692	0.7944394109	0.7944394109
777	0.381482514	0.7944510918	0.7944510918
778	0.3814415908	0.7944954892	0.7944954892
779	0.3814178958	0.7945139875	0.7945139875
780	0.3813859523	0.7945593933	0.7945593933
781	0.3813472618	0.7945870111	0.7945870111
782	0.3813129287	0.7945840196	0.7945840196
783	0.3812691363	0.7946207505	0.7946207505
784	0.3812273788	0.7946542611	0.7946542611
785	0.3811924953	0.7947183942	0.7947183942
786	0.3811576975	0.7947367553	0.7947367553
787	0.381124118	0.7947398415	0.7947398415
788	0.3810920961	0.7947807207	0.7947807207
789	0.3810525617	0.7948178557	0.7948178557
790	0.3810162476	0.794832649	0.794832649
791	0.3809811654	0.7948482682	0.7948482682
792	0.3809536209	0.7948428945	0.7948428945
793	0.3809233837	0.7948702653	0.7948702653
794	0.3808580112	0.7949576283	0.7949576283
795	0.380822954	0.7949935878	0.7949935878
796	0.380770317	0.7950297203	0.7950297203
797	0.380735355	0.795090143	0.795090143
798	0.3806850601	0.7951592411	0.7951592411
799	0.3806526232	0.7951688107	0.7951688107
800	0.3806178788	0.7952181794	0.7952181794
801	0.3805770023	0.7952333237	0.7952333237
802	0.3805424591	0.7952771475	0.7952771475
803	0.3804920297	0.7953205546	0.7953205546
804	0.3804557992	0.7953690431	0.7953690431
805	0.3804183222	0.7953712	0.7953712
806	0.3803724836	0.7954315952	0.7954315952
807	0.3803410735	0.7954414032	0.7954414032
808	0.3802905148	0.7954271367	0.7954271367
809	0.380244821	0.7954585934	0.7954585934
810	0.380211114	0.795530721	0.795530721
811	0.3801546959	0.7955635788	0.7955635788
812	0.3801182648	0.795568433	0.795568433
813	0.3800831027	0.7955768682	0.7955768682
814	0.3800571147	0.795617397	0.795617397
815	0.3800150499	0.795753958	0.795753958
816	0.3799926744	0.7958101711	0.7958101711
817	0.3799536281	0.7958525501	0.7958525501
818	0.3799157819	0.7959329203	0.7959329203
819	0.3798662336	0.7960005492	0.7960005492
820	0.379823006	0.7960376746	0.7960376746
821	0.3797823507	0.7960518729	0.7960518729
822	0.3797591552	0.7960967788	0.7960967788
823	0.3797150582	0.7961118742	0.7961118742
824	0.3796787839	0.7961813318	0.7961813318
825	0.3796401369	0.7962404971	0.7962404971
826	0.3796104474	0.7962399462	0.7962399462
827	0.3795623001	0.7962707166	0.7962707166
828	0.3795153314	0.7962751764	0.7962751764
829	0.3794755422	0.7962770501	0.7962770501
830	0.3794388312	0.7963287008	0.7963287008
831	0.3794034187	0.7963592585	0.7963592585
832	0.3793700968	0.7963829011	0.7963829011
833	0.379321046	0.7964301959	0.7964301959
834	0.3792924568	0.7964667281	0.7964667281
835	0.3792599368	0.796493765	0.796493765
836	0.3791992903	0.7965890894	0.7965890894
837	0.3791784432	0.7966139442	0.7966139442
838	0.3791458006	0.7966071126	0.7966071126
839	0.3791036708	0.796600707	0.796600707
840	0.3790677515	0.7966135717	0.7966135717
841	0.3790391052	0.796642464	0.796642464
842	0.3789936588	0.796699523	0.796699523
843	0.3789488663	0.7967801825	0.7967801825
844	0.3789281372	0.7968084072	0.7968084072
845	0.3788935336	0.7968214517	0.7968214517
846	0.3788449184	0.7968670487	0.7968670487
847	0.3788212357	0.7968680903	0.7968680903
848	0.3787967512	0.7969002483	0.7969002483
849	0.3787641915	0.7968902395	0.7968902395
850	0.3787231396	0.7969075972	0.7969075972
851	0.3786913174	0.7969593291	0.7969593291
852	0.3786545625	0.7969892982	0.7969892982
853	0.3786030033	0.7970144433	0.7970144433
854	0.3785630864	0.797082226	0.797082226
855	0.378527429	0.7970847597	0.7970847597
856	0.3784841429	0.7971579681	0.7971579681
857	0.3784517447	0.7971587043	0.7971587043
858	0.3784202553	0.7971652931	0.7971652931
859	0.3783950276	0.797218978	0.797218978
860	0.3783581792	0.7972788561	0.7972788561
861	0.3783315877	0.7972825844	0.7972825844
862	0.3782966751	0.7972702431	0.7972702431
863	0.3782590275	0.7973016509	0.7973016509
864	0.3782235467	0.7973750158	0.7973750158
865	0.3782010668	0.7974120261	0.7974120261
866	0.3781808695	0.7974085933	0.7974085933
867	0.3781294065	0.7974753595	0.7974753595
868	0.3781067942	0.7975112165	0.7975112165
869	0.3780675126	0.7975887882	0.7975887882
870	0.3780313631	0.7976123296	0.7976123296
871	0.377988697	0.7977049401	0.7977049401
872	0.3779614949	0.7977352848	0.7977352848
873	0.377927681	0.7977305823	0.7977305823
874	0.3778983633	0.7977503609	0.7977503609
875	0.377835611	0.7977880236	0.7977880236
876	0.3777936337	0.7978422335	0.7978422335
877	0.3777716368	0.7978711565	0.7978711565
878	0.3777412091	0.7978856379	0.7978856379
879	0.3776950421	0.797942323	0.797942323
880	0.3776694711	0.797930133	0.797930133
881	0.3776269043	0.7979492983	0.7979492983
882	0.3775923974	0.7979584176	0.7979584176
883	0.3775347369	0.7980234655	0.7980234655
884	0.3774886651	0.7980354469	0.7980354469
885	0.3774524848	0.7981521557	0.7981521557
886	0.3774136483	0.7981797583	0.7981797583
887	0.3773551061	0.7982424939	0.7982424939
888	0.3773104011	0.798309367	0.798309367
889	0.3772825347	0.7983411565	0.7983411565
890	0.3772512627	0.7983655538	0.7983655538
891	0.37720594	0.7984389431	0.7984389431
892	0.3771736537	0.798505405	0.798505405
893	0.3771331471	0.7985373294	0.7985373294
894	0.3771049477	0.7985918704	0.7985918704
895	0.3770629048	0.7986329462	0.7986329462
896	0.3770250644	0.7986601838	0.7986601838
897	0.3770019438	0.7986623813	0.7986623813
898	0.3769548994	0.7986511362	0.7986511362
899	0.3769248667	0.7986526975	0.7986526975
900	0.3768811566	0.798633267	0.798633267
901	0.3768282279	0.7987056071	0.7987056071
902	0.3767877083	0.7987244622	0.7987244622
903	0.3767465713	0.7987119394	0.7987119394
904	0.3767163611	0.7987257135	0.7987257135
905	0.3766778014	0.7987486361	0.7987486361
906	0.3766425275	0.7988016307	0.7988016307
907	0.3766078041	0.7988041146	0.7988041146
908	0.3765731735	0.7988492603	0.7988492603
909	0.3765435727	0.7988875514	0.7988875514
910	0.3764970143	0.7989345138	0.7989345138
911	0.376471769	0.7989530001	0.7989530001
912	0.3764297729	0.7989774973	0.7989774973
913	0.3763885501	0.7990110393	0.7990110393
914	0.3763522748	0.7990627345	0.7990627345
915	0.3763222671	0.7991313976	0.7991313976
916	0.3762886518	0.7991831167	0.7991831167
917	0.3762526918	0.7992564212	0.7992564212
918	0.3762180512	0.7992846444	0.7992846444
919	0.376190272	0.799306295	0.799306295
920	0.3761414413	0.7993363722	0.7993363722
921	0.3761013028	0.7993808457	0.7993808457
922	0.37607226	0.7993986893	0.7993986893
923	0.3760356553	0.7994638317	0.7994638317
924	0.3759795345	0.799470711	0.799470711
925	0.3759490785	0.7995032896	0.7995032896
926	0.3759246963	0.7995054776	0.7995054776
927	0.3758919737	0.7995108014	0.7995108014
928	0.3758715711	0.7995483821	0.7995483821
929	0.3758466019	0.7995627895	0.7995627895
930	0.3758188329	0.7995963224	0.7995963224
931	0.3757871594	0.7996254652	0.7996254652
932	0.3757587876	0.7996317255	0.7996317255
933	0.3757360818	0.7996827805	0.7996827805
934	0.3757179307	0.7996990699	0.7996990699
935	0.3756743977	0.7997222518	0.7997222518
936	0.3756393992	0.7997438595	0.7997438595
937	0.3756058197	0.7997570222	0.7997570222
938	0.3755736449	0.7997839488	0.7997839488
939	0.3755355332	0.7998565987	0.7998565987
940	0.3754929173	0.7998847825	0.7998847825
941	0.3754610767	0.7998982455	0.7998982455
942	0.375437208	0.7998857183	0.7998857183
943	0.3753913028	0.7999758923	0.7999758923
944	0.3753550815	0.7999946775	0.7999946775
945	0.375295142	0.8000356913	0.8000356913
946	0.3752626734	0.8000782693	0.8000782693
947	0.3752253908	0.8001161528	0.8001161528
948	0.3751928137	0.8001615463	0.8001615463
949	0.3751421321	0.8001624823	0.8001624823
950	0.3751145423	0.800282999	0.800282999
951	0.3750895265	0.8003048948	0.8003048948
952	0.3750627971	0.8003233617	0.8003233617
953	0.3750265708	0.8003468404	0.8003468404
954	0.3750094071	0.8003534163	0.8003534163
955	0.3749638866	0.8004457424	0.8004457424
956	0.3749236335	0.8004272869	0.8004272869
957	0.374895101	0.8004307178	0.8004307178
958	0.3748467328	0.8005274092	0.8005274092
959	0.3748290222	0.8005424138	0.8005424138
960	0.3747801584	0.8006262558	0.8006262558
961	0.3747495938	0.8006322057	0.8006322057
962	0.3747129622	0.8006513088	0.8006513088
963	0.3746745962	0.8006775842	0.8006775842
964	0.3746525784	0.8006982474	0.8006982474
965	0.3746260086	0.800713278	0.800713278
966	0.3745601149	0.8007958745	0.8007958745
967	0.3745238973	0.8008490788	0.8008490788
968	0.3744815461	0.8008487506	0.8008487506
969	0.3744452721	0.8008975325	0.8008975325
970	0.3744021614	0.8009416603	0.8009416603
971	0.3743675678	0.8009666507	0.8009666507
972	0.3743378289	0.8009860418	0.8009860418
973	0.3743067493	0.8010407882	0.8010407882
974	0.3742730669	0.8010467149	0.8010467149
975	0.3742510986	0.8010873604	0.8010873604
976	0.3742155602	0.8010398258	0.8010398258
977	0.3741782807	0.8010982908	0.8010982908
978	0.3741436161	0.8011427016	0.8011427016
979	0.3740951985	0.8012162468	0.8012162468
980	0.3740605425	0.8012316146	0.8012316146
981	0.3740354891	0.8012682161	0.8012682161
982	0.3740072323	0.8012734917	0.8012734917
983	0.373982204	0.8012897785	0.8012897785
984	0.3739441416	0.8012938503	0.8012938503
985	0.3739121646	0.8013616393	0.8013616393
986	0.3738853954	0.8013509677	0.8013509677
987	0.3738372332	0.8014028688	0.8014028688
988	0.3737907648	0.8014079219	0.8014079219
989	0.3737682785	0.8014376503	0.8014376503
990	0.3737388441	0.8014705652	0.8014705652
991	0.3737009274	0.8015507538	0.8015507538
992	0.3736612055	0.801582274	0.801582274
993	0.373631297	0.8016466492	0.8016466492
994	0.3736020618	0.8016869718	0.8016869718
995	0.3735717718	0.8017041562	0.8017041562
996	0.3735302435	0.8017353348	0.8017353348
997	0.3734992855	0.8017768714	0.8017768714
998	0.3734817756	0.8017894104	0.8017894104
999	0.3734473721	0.8018159895	0.8018159895
